"Rack","pot","GH_family_ID","field_family_ID","region","Site","climate","climate_management","management.type","indiv","treatment","experiment","precipCV","BIO1","BIO2","BIO3","BIO4","BIO5","BIO6","BIO7","BIO8","BIO9","BIO10","BIO11","BIO12","BIO13","BIO14","BIO15","BIO16","BIO17","BIO18","BIO19","E_cicutarium","E_brachycarpum","E__malacoides","E_botrys","E_moschatum","other_Erodium","Erodium_total","grass_","forb","shrub","total_cover","F_leaf_weight","F_leaf_area","F_lflength","field_SLA","F_avg_fruit_length","Site.1","F_length_longest_stem","F_flowers","F_fruits","F_reproductive_effort","soil_wet_weight","soil_dry_weight","water_content","OM","ENR","P1","HCO3_P","PH","K","MG","CA","NA.","BUFFER_PH","H","CEC","K_PCT","MG_PCT","CA_PCT","H_PCT","NA_PCT","S","GH_plant_to_emerge","GH_emerge_to_flower","gen2_earlylfno","gen2_boltdate","days_to_bolt","gen2_ffdate","days_to_flower","gen2_no_internodes","gen2_length_longest_stem","gen2_no_seeds_missed","gen2_no_fruits","gen2_no_flowers","gen2_no_seeds","gen2_total_seeds","photo.session","tech","Total.Area..mm2.","raw.weight","correction","tray.weight","leaf_weight","SLA","length_per_internode"
28.3333333333333,819.666666666667,385.533333333333,"BBC1","California","Bodega Bay cove","coastal","coastal preserve","preserve","a","high_nut","nutrients",0.352152223,12.7,11.9,6,277.6,23.5,3.7,19.8,9.6,15.7,16.1,9.1,1012,214,2,88,548,13,22,543,0.0166666666666667,0,0,0,0,0,0.0166666666666667,0.343333333333333,0.306666666666667,0,0.666666666666667,0.00145866666666667,52.7307692307692,15.8615384615385,33478.6153753846,3.56428571428571,2,5.46923076923077,0.923076923076923,1.76923076923077,2.69230769230769,NA,179.272,NA,3.46,99.5333333333333,14.6533333333333,17.92,5.49333333333333,139.366666666667,279.626666666667,734.853333333333,99.0933333333333,6.69333333333333,2.42666666666667,9.18,4.00666666666667,25.1066666666667,40.0533333333333,26.1666666666667,4.7,15.9666666666667,2.86666666666667,89.9333333333333,9.64285714285714,39434.0714285714,108.071428571429,39440.7857142857,114.785714285714,3,1.62142857142857,5.4,3.53333333333333,0.8,6.66666666666667,12.0666666666667,2.33333333333333,2.06666666666667,478.267928571429,0.150662857142857,0.0303815,0.419465,0.0298553857142857,16691.0252235714,0.578571428571429
37.3125,856.4375,453.125,"BBC1","California","Bodega Bay cove","coastal","coastal preserve","preserve","a","high_water","water",0.352152223,12.7,11.9,6,277.6,23.5,3.7,19.8,9.6,15.7,16.1,9.1,1012,214,2,88,548,13,22,543,0.01875,0,0,0,0,0,0.01875,0.325,0.325,0,0.66875,0.00164625,53.54,15.9066666666667,38608.4285873333,3.54285714285714,2,5.34285714285714,1.14285714285714,1.71428571428571,2.85714285714286,NA,179.87,NA,3.60625,102.35,14.64375,19.00625,5.50625,138.70625,287.40625,759.275,97.39375,6.6875,2.44375,9.375,3.8875,25.25,40.5125,25.84375,4.54375,15.9625,2.90625,89.9375,7.5625,39446.375,120.375,39452.8125,126.8125,2.6875,1.7625,13.75,6.0625,0.375,7.6875,21.4375,2.6875,2.25,333.564866666667,0.151303125,0.0200104,NA,0.01791005,19990.850456,0.692777777777778
30.1666666666667,855.055555555556,443.333333333333,"BBC1","California","Bodega Bay cove","coastal","coastal preserve","preserve","a","low_nut","nutrients",0.352152223,12.7,11.9,6,277.6,23.5,3.7,19.8,9.6,15.7,16.1,9.1,1012,214,2,88,548,13,22,543,0.0166666666666667,0,0,0,0,0,0.0166666666666667,0.35,0.322222222222222,0,0.688888888888889,0.00152555555555556,51.2,15.5625,37365.45994,3.53125,2,5.375,1,1.75,2.75,NA,178.185555555556,NA,3.55555555555556,101.377777777778,14.5444444444444,18.7222222222222,5.5,138.2,284.122222222222,751.488888888889,97.6,6.68888888888889,2.44444444444444,9.31111111111111,3.91111111111111,25.1333333333333,40.4222222222222,26,4.56666666666667,16,2.88888888888889,89.8333333333333,7.47058823529412,39463.625,137.625,39470.1428571429,144.142857142857,2.17647058823529,0.894117647058824,6.27777777777778,2.83333333333333,0.0555555555555556,3.05555555555556,9.33333333333333,1.88888888888889,1.83333333333333,260.418769230769,0.0142961538461538,NA,NA,0.0142961538461538,18641.138316,0.409444444444444
26,541.578947368421,447.684210526316,"BBC1","California","Bodega Bay cove","coastal","coastal preserve","preserve","a","low_water","water",0.352152223,12.7,11.9,6,277.6,23.5,3.7,19.8,9.6,15.7,16.1,9.1,1012,214,2,88,548,13,22,543,0.0157894736842105,0,0,0,0,0,0.0157894736842105,0.352631578947368,0.326315789473684,0,0.694736842105263,0.00156736842105263,50.5352941176471,15.4588235294118,36179.1549941176,3.52352941176471,2,5.5,1.05882352941176,1.82352941176471,2.88235294117647,NA,176.908421052632,NA,3.57894736842105,101.821052631579,14.5421052631579,19.2578947368421,5.49473684210526,139.031578947368,288.457894736842,758.005263157895,98.6526315789474,6.68421052631579,2.48947368421053,9.43157894736842,3.88421052631579,25.1789473684211,40.2789473684211,26.1315789473684,4.5578947368421,16.2894736842105,2.89473684210526,89.5263157894737,7.66666666666667,39462.6666666667,136.666666666667,39427,101,0.578947368421053,0.6,0,0.263157894736842,0,0.789473684210526,0.789473684210526,2.42105263157895,1.94736842105263,172.148555555556,0.0345222222222222,0.01429,0.4246,0.0109333333333333,16137.1291386111,0.911111111111111
26.1052631578947,898.210526315789,549.052631578947,"Calc1","California","Calcareous","coastal","coastal agricultural field","agricultural field","b","high_nut","nutrients",0.39746364,13.7,17.6,5.7,452.5,31,0.2,30.8,9.1,19.5,19.7,8.3,477,97,1,92,266,3,10,263,0.218421052631579,0,0,0,0,0,0.218421052631579,0.068421052631579,0,0,0.286842105263158,0.00294631578947368,50.9368421052632,15.3842105263158,19520.2705442105,3.52280701757895,3,3.5,3.05263157894737,2.47368421052632,5.52631578947368,191.933157894737,158.502105263158,33.431052631579,3.74285714285714,104.685714285714,32.1142857142857,14.1428571428571,7.8,143.042857142857,106.628571428571,8053.57142857143,35.2857142857143,NA,0,41.5857142857143,0.871428571428571,2.11428571428571,96.6285714285714,0,0.371428571428571,7.01428571428571,3.05263157894737,68.4375,10,39416.0526315789,90.0526315789474,39422.3157894737,96.3157894736842,5.26315789473684,4.83157894736842,33.0526315789474,21.0526315789474,3.68421052631579,48.8947368421053,81.9473684210526,2.10526315789474,1.94736842105263,499.151611111111,0.07763,0.0332176666666667,0.41055,0.0304690388888889,17684.5891207059,1.07779448621554
32.2222222222222,883.388888888889,555.111111111111,"Calc1","California","Calcareous","coastal","coastal agricultural field","agricultural field","b","high_water","water",0.39746364,13.7,17.6,5.7,452.5,31,0.2,30.8,9.1,19.5,19.7,8.3,477,97,1,92,266,3,10,263,0.202777777777778,0,0,0,0,0,0.202777777777778,0.0638888888888889,0,0,0.266666666666667,0.00311277777777778,52.6888888888889,15.7388888888889,19066.7968905556,3.55185185188889,3,3.47222222222222,3.33333333333333,2.66666666666667,6,191.398333333333,157.657777777778,33.7405555555556,3.73333333333333,104.4,35.3666666666667,14.9,7.80833333333333,145.766666666667,106.808333333333,8141.33333333333,35.2,NA,0,42.0333333333333,0.883333333333333,2.1,96.6416666666667,0,0.366666666666667,7.08333333333333,3.05555555555556,68.5,8.55555555555556,39418.2777777778,92.2777777777778,39424.9444444444,98.9444444444444,5.72222222222222,4.72222222222222,25.5555555555556,18.2222222222222,0.944444444444444,47.8888888888889,73.4444444444444,2.77777777777778,2.05555555555556,323.161222222222,0.137145555555556,0.0234958,0.427385,0.0186271166666667,18209.358833,0.858720137886805
29.1578947368421,854.368421052632,533.789473684211,"Calc1","California","Calcareous","coastal","coastal agricultural field","agricultural field","b","low_nut","nutrients",0.39746364,13.7,17.6,5.7,452.5,31,0.2,30.8,9.1,19.5,19.7,8.3,477,97,1,92,266,3,10,263,0.2,0,0,0,0,0,0.2,0.0605263157894737,0,0,0.260526315789474,0.00309052631578947,52.6210526315789,15.6736842105263,19068.9553010526,3.54385964915789,3,3.49473684210526,3.26315789473684,2.57894736842105,5.84210526315789,191.776842105263,158.041578947368,33.7352631578947,3.73076923076923,104.430769230769,33.9307692307692,14.5923076923077,7.80769230769231,143.069230769231,105.446153846154,8024.38461538462,34.9615384615385,NA,0,41.4307692307692,0.876923076923077,2.1,96.6384615384615,0,0.369230769230769,6.97692307692308,3.05263157894737,68.6666666666667,8.26315789473684,39422.6315789474,96.6315789473684,39429.1578947368,103.157894736842,2.89473684210526,1.35263157894737,9.05263157894737,9.31578947368421,0.421052631578947,24.6315789473684,33.6842105263158,2.36842105263158,2.10526315789474,227.336947368421,0.0587442105263158,0.0140815,0.42297,0.0140517210526316,17489.7728154737,0.481140350877193
26.8947368421053,656.947368421053,533.789473684211,"Calc1","California","Calcareous","coastal","coastal agricultural field","agricultural field","b","low_water","water",0.39746364,13.7,17.6,5.7,452.5,31,0.2,30.8,9.1,19.5,19.7,8.3,477,97,1,92,266,3,10,263,0.2,0,0,0,0,0,0.2,0.0605263157894737,0,0,0.260526315789474,0.00309052631578947,52.6210526315789,15.6736842105263,19068.9553010526,3.54385964915789,3,3.49473684210526,3.26315789473684,2.57894736842105,5.84210526315789,191.776842105263,158.041578947368,33.7352631578947,3.73076923076923,104.430769230769,33.9307692307692,14.5923076923077,7.80769230769231,143.069230769231,105.446153846154,8024.38461538462,34.9615384615385,NA,0,41.4307692307692,0.876923076923077,2.1,96.6384615384615,0,0.369230769230769,6.97692307692308,3.05263157894737,68.6666666666667,7.73684210526316,39440.2631578947,114.263157894737,39449.1052631579,123.105263157895,1.94736842105263,1.7,3.15789473684211,2.89473684210526,0.210526315789474,6.68421052631579,9.8421052631579,2.21052631578947,2.05263157894737,174.672263157895,0.00993263157894737,NA,NA,0.00993263157894737,17945.9458131579,0.818137254901961
29.75,865.25,658.9375,"Kny1","California","Kearney","inland","inland agricultural field","agricultural field","b","high_nut","nutrients",0.349829711,17,15.2,4.4,682.5,36.4,2.3,34.1,10,25.6,25.6,8.2,305,60,0,83,163,3,3,155,0.0875,0,0,0,0.1125,0.1125,0.2,0.053125,0.146875,0,0.4,0.00973625,196.01875,35.49375,19341.6840175,3.6374999999375,8,8.6,19.6875,21.9375,41.625,301.124375,299.21,1.914375,0.472727272727273,39.9272727272727,51.7,35.0545454545455,7.21818181818182,172.481818181818,49.8545454545455,419.736363636364,29.2363636363636,NA,0.0181818181818182,3.1,15.0454545454545,13.6454545454545,66.7,0.272727272727273,4.37272727272727,5.78181818181818,3.625,62.5625,10.6875,39413.6875,87.6875,39419.6875,93.6875,6.26666666666667,5.5,42.3125,25.875,4.1875,50.8125,93.125,1.9375,1.9375,468.025692307692,0.0233892307692308,NA,NA,0.0233892307692308,20019.3778884615,0.824756613756614
37.8888888888889,865.555555555556,700.666666666667,"Kny1","California","Kearney","inland","inland agricultural field","agricultural field","b","high_water","water",0.349829711,17,15.2,4.4,682.5,36.4,2.3,34.1,10,25.6,25.6,8.2,305,60,0,83,163,3,3,155,0.0888888888888889,0,0,0,0.1,0.1,0.188888888888889,0.0611111111111111,0.127777777777778,0,0.377777777777778,0.00907555555555556,183.205555555556,33.8333333333333,19562.2166533333,3.57222222216667,8,8.18888888888889,18.2222222222222,20.7222222222222,38.9444444444444,299.940555555556,297.794444444444,2.14611111111111,0.515384615384615,40.7076923076923,49.5769230769231,35.0461538461538,7.24615384615385,139.153846153846,54.5230769230769,439.792307692308,24.9230769230769,NA,0.0153846153846154,3.13076923076923,11.5153846153846,14.8692307692308,69.8307692307692,0.230769230769231,3.58461538461538,5.78461538461538,3.69444444444444,63.1388888888889,9.66666666666667,39412.0555555556,86.0555555555556,39418.1111111111,92.1111111111111,6.58823529411765,4.24705882352941,26.1111111111111,22.5,1.61111111111111,59.9444444444444,86.0555555555556,2.83333333333333,2.11111111111111,283.27675,0.0848011111111111,0.0134663333333333,NA,0.0137698944444444,20795.6323316667,0.65016106442577
32.85,911.85,698,"Kny1","California","Kearney","inland","inland agricultural field","agricultural field","b","low_nut","nutrients",0.349829711,17,15.2,4.4,682.5,36.4,2.3,34.1,10,25.6,25.6,8.2,305,60,0,83,163,3,3,155,0.1,0,0,0,0.09,0.09,0.19,0.06,0.13,0,0.38,0.008978,178.48,33.12,19314.527127,3.5833333333,8,7.89,17.3,19.8,37.1,300.866,299.016,1.85,0.5,40.4285714285714,48.2428571428571,35.1285714285714,7.24285714285714,153.057142857143,52.3857142857143,423.814285714286,26.1142857142857,NA,0.0142857142857143,3.07142857142857,13.3285714285714,14.4285714285714,68.1714285714286,0.214285714285714,3.88571428571429,5.67142857142857,3.6,63.05,8.89473684210526,39421.4210526316,95.4210526315789,39424.7368421053,98.7368421052632,3.78947368421053,1.50526315789474,13.3,11.35,0.95,31,44.3,2.1,2.05,257.427588235294,0.0363635294117647,0.01046,0.42665,0.0112664705882353,23493.1293168235,0.436578947368421
23.15,616,698,"Kny1","California","Kearney","inland","inland agricultural field","agricultural field","b","low_water","water",0.349829711,17,15.2,4.4,682.5,36.4,2.3,34.1,10,25.6,25.6,8.2,305,60,0,83,163,3,3,155,0.1,0,0,0,0.09,0.09,0.19,0.06,0.13,0,0.38,0.008978,178.48,33.12,19314.527127,3.5833333333,8,7.89,17.3,19.8,37.1,300.866,299.016,1.85,0.5,40.4285714285714,48.2428571428571,35.1285714285714,7.24285714285714,153.057142857143,52.3857142857143,423.814285714286,26.1142857142857,NA,0.0142857142857143,3.07142857142857,13.3285714285714,14.4285714285714,68.1714285714286,0.214285714285714,3.88571428571429,5.67142857142857,3.6,63.05,8.15,39428.3,102.3,39436.1,110.1,2.3,6.83,4.7,4.1,0.15,10.5,15.2,2.1,2.05,147.06725,0.0079915,NA,NA,0.0079915,19275.91829355,2.06447368421053
36.75,797.875,798.8125,"Lind1","California","Lindcove","inland","inland preserve","preserve","a","high_nut","nutrients",0.34612962,17.3,15.8,4.6,652.7,36.5,2.5,34,10.7,25.6,25.6,9.1,358,68,0,82,188,4,4,178,0.10625,0.04375,0,0,0,0.04375,0.15,0.128125,0.1875,0,0.465625,0.00343785714285714,98.3357142857143,27.6857142857143,31792.2621828571,3.6416666666875,10,5.75,0.75,1.8125,2.5625,222.351875,215.916875,6.48625,2.09333333333333,71.5866666666667,12.02,9.06666666666667,6.52666666666667,108.986666666667,421.9,2409.86666666667,22.4866666666667,6.8875,0.946666666666667,16.8266666666667,2.46,19.1266666666667,70.5133333333333,7.16666666666667,0.693333333333333,4.64666666666667,3.2,66.5333333333333,9.26666666666667,39411.3333333333,85.3333333333333,39418.5333333333,92.5333333333333,6.92857142857143,9.5,29.5625,25.625,4.125,63.5625,93.125,2.3125,2,610.196769230769,0.034650625,NA,NA,0.034650625,20113.3398969231,1.30795068027211
37.1111111111111,713.111111111111,819,"Lind1","California","Lindcove","inland","inland preserve","preserve","a","high_water","water",0.34612962,17.3,15.8,4.6,652.7,36.5,2.5,34,10.7,25.6,25.6,9.1,358,68,0,82,188,4,4,178,0.0972222222222222,0.05,0,0,0,0.05,0.147222222222222,0.105555555555556,0.202777777777778,0,0.455555555555556,0.00340764705882353,91.4235294117647,25.5764705882353,31161.4272611765,3.66851851855556,10,5.56666666666667,0.777777777777778,1.88888888888889,2.66666666666667,226.924444444444,220.69,6.28,2.04375,70.5375,12.725,8.49375,6.56875,105.8375,419.99375,2430.5625,22.66875,6.9,0.88125,16.84375,2.35,19.15625,71.25625,6.5,0.69375,4.90625,3.3125,65.5625,8.66666666666667,39413.875,87.875,39420.2666666667,94.2666666666667,5.8125,5.46875,18.1111111111111,13.5,0.777777777777778,36.0555555555556,54.1666666666667,2.33333333333333,2.05555555555556,449.183933333333,0.07588,0.027008,NA,0.0226065875,20176.7688093333,0.882127976190476
20.2777777777778,823.166666666667,783.888888888889,"Lind1","California","Lindcove","inland","inland preserve","preserve","a","low_nut","nutrients",0.34612962,17.3,15.8,4.6,652.7,36.5,2.5,34,10.7,25.6,25.6,9.1,358,68,0,82,188,4,4,178,0.0944444444444444,0.0472222222222222,0,0,0,0.0472222222222222,0.141666666666667,0.105555555555556,0.213888888888889,0,0.461111111111111,0.00362176470588235,95.9117647058823,26.6882352941176,30474.6333829412,3.67962962966667,10,5.57777777777778,1,1.88888888888889,2.88888888888889,229.908333333333,223.557777777778,6.39611111111111,2.0125,69.9625,11.95625,8.24375,6.5625,106.425,428.6,2459.875,22.93125,6.8875,0.9125,17.09375,2.3375,19.325,71.0125,6.59375,0.6875,4.6625,3.3125,65.625,7.70588235294118,39417.7058823529,91.7058823529412,39425.0555555556,99.0555555555556,3.83333333333333,2.35,10.6666666666667,9.22222222222222,0.277777777777778,27.7222222222222,38.3888888888889,1.94444444444444,2.11111111111111,268.926705882353,0.0177270588235294,NA,NA,0.0177270588235294,15913.6329094118,0.587530864197531
20.5,563,772.8,"Lind1","California","Lindcove","inland","inland preserve","preserve","a","low_water","water",0.34612962,17.3,15.8,4.6,652.7,36.5,2.5,34,10.7,25.6,25.6,9.1,358,68,0,82,188,4,4,178,0.09,0.045,0,0,0,0.045,0.135,0.105,0.215,0,0.455,0.00347333333333333,92.4666666666667,25.8,30764.0543355556,3.6666666667,10,5.48,0.9,1.8,2.7,221.319,215.685,5.675,2.01111111111111,69.9555555555556,12.3555555555556,8.48888888888889,6.53333333333333,101.366666666667,405.044444444444,2347.22222222222,22.2333333333333,6.88,0.933333333333333,16.3444444444444,2.24444444444444,19.0888888888889,70.8777777777778,7.05555555555556,0.688888888888889,4.86666666666667,3.27777777777778,65.3888888888889,7.75,39430.45,104.45,39441.2,115.2,2.1,1.84,4.6,3.4,0.25,8.15,12.75,2.05,2.05,209.3992,0.033671,0.00998,0.42619,0.0123615,16938.257466,0.90462962962963
28.0588235294118,967.882352941176,694.705882352941,"McL S10","California","McL seep","inland","inland preserve","preserve","a","high_nut","nutrients",0.403273913,14.1,15.6,4.7,603,33.5,0.8,32.7,6.9,22,22,6.9,803,172,1,90,441,10,10,441,0.35,0,0,0,0,0,0.35,0.0558823529411765,0.0647058823529412,0,0.470588235294118,0.00561294117647059,102.864705882353,22.6058823529412,21738.8871976471,3.34313725494118,12,4.75294117647059,5.23529411764706,2.76470588235294,8,172.570714285714,157.490714285714,15.08,3.50909090909091,100.236363636364,16.9636363636364,13.1636363636364,7.79090909090909,271.254545454545,500.445454545455,5200.63636363636,29.4909090909091,NA,0,30.8727272727273,2.18181818181818,13.2909090909091,84.1272727272727,0,0.4,6.39090909090909,3.02941176470588,66.4411764705882,9.75,39414.5,88.5,39420.875,94.875,6.26666666666667,7.12,30.3529411764706,17.2941176470588,3.88235294117647,31.6470588235294,62,1.88235294117647,2,505.344928571429,0.0879053333333333,0.0141465,0.44791,0.02963218,17308.7934814286,1.13530158730159
38.45,898.8,616.8,"McL S10","California","McL seep","inland","inland preserve","preserve","a","high_water","water",0.403273913,14.1,15.6,4.7,603,33.5,0.8,32.7,6.9,22,22,6.9,803,172,1,90,441,10,10,441,0.49,0,0,0,0,0,0.49,0.05,0.0675,0,0.6075,0.0058335,105.63,24.5,21686.6257115,3.3366666667,12,4.93,5.2,2.7,7.9,179.723157894737,164.717894736842,15.0052631578947,3.93125,108.6125,16.05,13.45625,7.79375,264.41875,480.21875,5134.25,26.9,NA,0,30.34375,2.16875,12.9875,84.46875,0,0.375,6.4,3.05,64.95,8.57894736842105,39416.7894736842,90.7894736842105,39423.1578947368,97.1578947368421,5.44444444444444,5.61111111111111,21.35,17.65,1.4,41.2,62.55,2.95,2.05,333.695473684211,0.1474045,0.0180013333333333,NA,0.01954831,17550.874353,1.04117724867725
22.5,949.2,650.8,"McL S10","California","McL seep","inland","inland preserve","preserve","a","low_nut","nutrients",0.403273913,14.1,15.6,4.7,603,33.5,0.8,32.7,6.9,22,22,6.9,803,172,1,90,441,10,10,441,0.415,0,0,0,0,0,0.415,0.0525,0.065,0,0.5325,0.005453,99.84,23.16,21847.744665,3.3366666667,12,4.76,4.9,2.6,7.5,172.837777777778,158.385555555556,14.4522222222222,3.74285714285714,104.857142857143,16.1428571428571,13.0285714285714,7.8,263.114285714286,486.414285714286,5115.14285714286,27.7142857142857,NA,0,30.3,2.15714285714286,13.1857142857143,84.2714285714286,0,0.385714285714286,6.48571428571429,3.05,65.4,8.1,39423.6,97.6,39430.35,104.35,3.8,2.22,11.25,10.55,0.35,24.9,36.15,2.3,2.15,238.14885,0.05836,0.017258,NA,0.01574127,15584.25403865,0.603916666666667
31.75,665.15,650.8,"McL S10","California","McL seep","inland","inland preserve","preserve","a","low_water","water",0.403273913,14.1,15.6,4.7,603,33.5,0.8,32.7,6.9,22,22,6.9,803,172,1,90,441,10,10,441,0.415,0,0,0,0,0,0.415,0.0525,0.065,0,0.5325,0.005453,99.84,23.16,21847.744665,3.3366666667,12,4.76,4.9,2.6,7.5,172.837777777778,158.385555555556,14.4522222222222,3.74285714285714,104.857142857143,16.1428571428571,13.0285714285714,7.8,263.114285714286,486.414285714286,5115.14285714286,27.7142857142857,NA,0,30.3,2.15714285714286,13.1857142857143,84.2714285714286,0,0.385714285714286,6.48571428571429,3.05,65.4,7.5,39436.6315789474,110.631578947368,39444.9473684211,118.947368421053,2.70588235294118,2.58823529411765,3.45,2.8,0.2,4.95,8.4,2.4,1.95,174.908444444444,0.0572144444444444,0.010855,0.42675,0.00979777777777778,20008.2259284444,0.944607843137255
29.8,860.866666666667,494.266666666667,"Motte1","California","Motte","inland","inland preserve","preserve","a","high_nut","nutrients",0.504316288,16.7,15.4,5,526.3,33.6,3.3,30.3,11.1,23.4,24,10.5,391,80,2,85,215,10,19,205,0.38,0,0,0,0,0,0.38,0.113333333333333,0.146666666666667,0,0.64,0.002382,47.72,19.46,20030.029622,2.90666666666667,13,3.15333333333333,0.733333333333333,1,1.73333333333333,238.718,236.974,1.744,1.85454545454545,66.5090909090909,78.9,41.5272727272727,6.72727272727273,275.918181818182,75.5545454545454,1083.10909090909,16.9545454545455,6.9,0.281818181818182,7.11818181818182,10.4727272727273,8.7,75.1363636363636,4.36363636363636,1.34545454545455,3.79090909090909,3.06666666666667,53.9666666666667,11.9333333333333,39400.5333333333,74.5333333333333,39406.3333333333,80.3333333333333,9.4,18.34,61.9333333333333,46.3333333333333,6.4,147.066666666667,209,2.13333333333333,2,437.839357142857,0.0780646666666667,0.013738,NA,0.0212396933333333,21520.2111058571,1.91322751322751
31.1304347826087,767.260869565217,372.260869565217,"Motte1","California","Motte","inland","inland preserve","preserve","a","high_water","water",0.504316288,16.7,15.4,5,526.3,33.6,3.3,30.3,11.1,23.4,24,10.5,391,80,2,85,215,10,19,205,0.343478260869565,0,0,0,0,0,0.343478260869565,0.126086956521739,0.130434782608696,0,0.6,0.00214739130434783,43.4130434782609,18.1869565217391,20214.4146004348,2.95217391304348,13,2.88260869565217,1,1,2,238.803913043478,237.14,1.66391304347826,1.87894736842105,67.1368421052632,80.4421052631579,39.8631578947368,6.80526315789474,276.578947368421,74.4947368421053,1097.88421052632,18.8421052631579,6.9,0.210526315789474,7.11578947368421,10.3368421052632,8.6,76.4210526315789,3.31578947368421,1.34736842105263,3.26842105263158,3.04347826086957,57.0434782608696,9.95652173913044,39399.6086956522,73.6086956521739,39405.4782608696,79.4782608695652,7.95238095238095,9.36190476190476,35.7391304347826,30.5217391304348,2.43478260869565,93.9565217391304,129.695652173913,2.65217391304348,2.17391304347826,232.646909090909,0.0497054545454545,0.009218,NA,0.0109611545454545,23414.8297663636,1.15794217687075
26.7368421052632,807.368421052632,419.210526315789,"Motte1","California","Motte","inland","inland preserve","preserve","a","low_nut","nutrients",0.504316288,16.7,15.4,5,526.3,33.6,3.3,30.3,11.1,23.4,24,10.5,391,80,2,85,215,10,19,205,0.357894736842105,0,0,0,0,0,0.357894736842105,0.121052631578947,0.136842105263158,0,0.615789473684211,0.00223210526315789,45.2368421052632,18.7421052631579,20267.3489968421,2.93157894736842,13,3.00526315789474,0.894736842105263,1,1.89473684210526,238.907368421053,237.215789473684,1.69157894736842,1.86666666666667,66.84,79,40.5333333333333,6.78666666666667,280.286666666667,76.5933333333333,1112.68,18.0866666666667,6.9,0.233333333333333,7.24,10.32,8.68,76.1066666666667,3.6,1.31333333333333,3.62,3.05263157894737,55.8947368421053,9.05263157894737,39403.4210526316,77.4210526315789,39408.6315789474,82.6315789473684,6.11111111111111,3.03888888888889,8.1578947368421,10.8421052631579,0.526315789473684,39.8421052631579,48,2,2.10526315789474,197.880944444444,0.0349272222222222,0.008123,NA,0.01125015,18371.892293,0.490848765432099
25.1578947368421,616.947368421053,372.947368421053,"Motte1","California","Motte","inland","inland preserve","preserve","a","low_water","water",0.504316288,16.7,15.4,5,526.3,33.6,3.3,30.3,11.1,23.4,24,10.5,391,80,2,85,215,10,19,205,0.36578947368421,0,0,0,0,0,0.36578947368421,0.126315789473684,0.128947368421053,0,0.621052631578947,0.00227421052631579,46.0105263157895,18.9052631578947,20287.4731210526,2.92631578947368,13,3.04210526315789,0.947368421052632,1,1.94736842105263,238.609473684211,236.893684210526,1.71578947368421,1.87333333333333,66.96,75.6733333333333,38.4,6.8,280.58,77.3266666666667,1119.06666666667,17.2466666666667,6.9,0.226666666666667,7.26666666666667,10.2466666666667,8.77333333333333,76.4066666666667,3.4,1.2,3.37333333333333,3.05263157894737,55.3684210526316,8.72222222222222,39405.3888888889,79.3888888888889,39411.1578947368,85.1578947368421,3.73684210526316,2.71578947368421,4.89473684210526,5.26315789473684,0.157894736842105,18.5789473684211,23.4736842105263,2.05263157894737,2.05263157894737,146.037694444444,0.00767611111111111,NA,NA,0.00767611111111111,20336.5190238889,0.720037593984962
23.3125,925.0625,563.25,"RIVB 1","California","Riverwood","inland","inland preserve","preserve","a","high_nut","nutrients",0.295528539,16.2,13.4,4.3,601.8,34.1,3.6,30.5,8.6,23.7,23.8,8.6,475,110,1,88,257,7,8,257,0.025,0.00625,0,0.028125,0,0.034375,0.059375,0.03125,0.0625,0,0.153125,0.01318875,185.80625,38.3625,14116.31359,3.43125,15,4.35625,11.75,4.3125,16.0625,310.004375,289.9675,20.036875,1.24545454545455,55,10.0818181818182,27.2636363636364,6.4,19.8363636363636,90.2909090909091,593.090909090909,14.3727272727273,6.95714285714286,0.5,4.31818181818182,1.28181818181818,17.5272727272727,69.8090909090909,9.90909090909091,1.48181818181818,2.89090909090909,2.8125,67.8214285714286,10.25,39411.3125,85.3125,39418.1875,92.1875,6.28571428571429,5.44285714285714,28.1875,20.3125,2.9375,43.0625,71.25,1.9375,2.0625,551.6314,0.058165,0.02421,0.42194,0.03179375,18586.6083816,0.872981859410431
37.1,933.15,695.25,"RIVB 1","California","Riverwood","inland","inland preserve","preserve","a","high_water","water",0.295528539,16.2,13.4,4.3,601.8,34.1,3.6,30.5,8.6,23.7,23.8,8.6,475,110,1,88,257,7,8,257,0.02,0.0025,0,0.025,0,0.0275,0.0475,0.035,0.025,0,0.1075,0.0153455,221.92,44.3,14373.2077365,3.4525,15,4.405,11.15,4.85,16,333.593,313.7115,19.8815,1.07142857142857,51.3857142857143,11.1785714285714,29.2642857142857,6.61428571428571,18.0142857142857,84.3571428571429,569.721428571429,14.5857142857143,6.95,0.335714285714286,3.97142857142857,1.17857142857143,17.5785714285714,72.7357142857143,6.89285714285714,1.63571428571429,2.58571428571429,2.85,66.25,8.65,39415.3,89.3,39422.5,96.5,6.05555555555556,4.59444444444444,31.55,18.4,1.25,42.3,73.85,2.85,2.2,379.86335,0.1255565,0.019409,NA,0.019009675,21479.4581925,0.758201058201058
24.2105263157895,970,627.473684210526,"RIVB 1","California","Riverwood","inland","inland preserve","preserve","a","low_nut","nutrients",0.295528539,16.2,13.4,4.3,601.8,34.1,3.6,30.5,8.6,23.7,23.8,8.6,475,110,1,88,257,7,8,257,0.0210526315789474,0.00526315789473684,0,0.0263157894736842,0,0.0315789473684211,0.0526315789473684,0.0315789473684211,0.0263157894736842,0,0.110526315789474,0.0149484210526316,214.757894736842,42.2894736842105,14290.5619110526,3.46052631578947,15,4.36842105263158,12,4.78947368421053,16.7894736842105,323.947368421053,304.257368421053,19.69,1.11538461538462,52.2923076923077,10.4846153846154,27.8769230769231,6.51538461538462,19.4769230769231,86.5,566.661538461538,14.2692307692308,6.95714285714286,0.392307692307692,4.03846153846154,1.26923076923077,17.8,71.1461538461539,8.23076923076923,1.56923076923077,2.67692307692308,2.84210526315789,66.7352941176471,8.52631578947368,39421.2631578947,95.2631578947368,39427.8947368421,101.894736842105,3.22222222222222,1.18888888888889,7.31578947368421,8.31578947368421,0.421052631578947,24.4736842105263,31.7894736842105,2.05263157894737,2,245.215,0.038995,0.01256,0.42638,0.0153072222222222,17623.209915,0.385925925925926
26.4,661.8,611.3,"RIVB 1","California","Riverwood","inland","inland preserve","preserve","a","low_water","water",0.295528539,16.2,13.4,4.3,601.8,34.1,3.6,30.5,8.6,23.7,23.8,8.6,475,110,1,88,257,7,8,257,0.02,0.005,0,0.03,0,0.035,0.055,0.03,0.05,0,0.135,0.015243,217.95,42.94,14244.459919,3.465,15,4.59,12.8,4.8,17.6,319.981,300.364,19.617,1.18571428571429,53.7428571428571,10.4714285714286,27.8857142857143,6.47142857142857,18.6428571428571,88.6,585.5,14.7,6.95,0.442857142857143,4.2,1.2,17.6142857142857,70.7857142857143,8.85714285714286,1.55714285714286,2.75714285714286,2.85,66.5555555555556,7.95,39430.6,104.6,39438.8,112.8,2.11111111111111,1.62222222222222,2.95,3.65,0.25,9.2,12.15,2.15,2,169.7016,0.0325584210526316,0.010493,NA,0.0101275105263158,16324.8405435263,0.779166666666667
31.0714285714286,839.5,686.5,"SR G10","California","Sand Ridge grassland","inland","inland preserve","preserve","b","high_nut","nutrients",0.381302058,19,15.3,4.4,694.8,37.9,3.2,34.7,11.9,27.9,27.9,10.3,214,40,0,79,111,4,4,98,0.432142857142857,0,0,0.0214285714285714,0,0.0214285714285714,0.453571428571429,0.239285714285714,0,0,0.692857142857143,0.00798909090909091,201.083333333333,39.0083333333333,29452.5939145455,3.84404761907143,16,10.8714285714286,4.28571428571429,4.14285714285714,8.42857142857143,385.882857142857,384.720714285714,1.23071428571429,1.19166666666667,53.75,18.95,17.5333333333333,6.83333333333333,76.6916666666667,94.5916666666667,752.841666666667,13.5833333333333,NA,0.15,4.93333333333333,3.94166666666667,15.7666666666667,76.2083333333333,2.875,1.2,5.25,3.39285714285714,43.7142857142857,9.23076923076923,39381.5384615385,55.5384615384615,39387.2307692308,61.2307692307692,10.6666666666667,38.9833333333333,46.5,53.7142857142857,3.78571428571429,179.142857142857,225.642857142857,2,2,801.435583333333,0.0326823076923077,NA,NA,0.0326823076923077,26604.3964808333,3.69832708957709
33,929.75,761.3,"SR G10","California","Sand Ridge grassland","inland","inland preserve","preserve","b","high_water","water",0.381302058,19,15.3,4.4,694.8,37.9,3.2,34.7,11.9,27.9,27.9,10.3,214,40,0,79,111,4,4,98,0.48,0,0,0.015,0,0.015,0.495,0.235,0,0,0.73,0.00691375,170.044444444444,36.1333333333333,28806.3725025,3.8716666667,16,10.95,3.6,3.6,7.2,378.154,377.152,1.083,1.2125,54.2,18.8375,17.175,6.8375,75.7875,92.1875,734.9,13.575,NA,0.15,4.825,3.975,15.7125,76.075,3,1.2375,5.05,3.35,44.1,7.47368421052632,39385.6842105263,59.6842105263158,39390.7368421053,64.7368421052632,9.94444444444444,27.2944444444444,20.35,28.3,1.9,90,110.35,2.65,1.95,365.201444444444,0.149257368421053,0.010078,NA,0.0146719052631579,27552.43162,2.72051129426129
31.3157894736842,919.842105263158,769.157894736842,"SR G10","California","Sand Ridge grassland","inland","inland preserve","preserve","b","low_nut","nutrients",0.381302058,19,15.3,4.4,694.8,37.9,3.2,34.7,11.9,27.9,27.9,10.3,214,40,0,79,111,4,4,98,0.473684210526316,0,0,0.0157894736842105,0,0.0157894736842105,0.489473684210526,0.226315789473684,0,0,0.715789473684211,0.00668866666666667,163.752941176471,35.4,28932.1747253333,3.87017543863158,16,10.5210526315789,3.68421052631579,3.63157894736842,7.31578947368421,379.678947368421,378.648947368421,1.11526315789474,1.18666666666667,53.68,19.2466666666667,17.3466666666667,6.84,78.3666666666667,93.7266666666667,747.02,13.5,NA,0.153333333333333,4.90666666666667,4.06666666666667,15.7066666666667,76.0266666666667,3,1.2,4.94666666666667,3.36842105263158,43.8947368421053,7.66666666666667,39386.7222222222,60.7222222222222,39390.9444444444,64.9444444444444,8.64705882352941,12.8235294117647,9.42105263157895,11.2631578947368,0.526315789473684,44.8947368421053,54.3157894736842,1.94736842105263,2.10526315789474,341.1955,0.0127244444444444,NA,NA,0.0127244444444444,28766.3460447778,1.48100203717851
29.25,656,783.95,"SR G10","California","Sand Ridge grassland","inland","inland preserve","preserve","b","low_water","water",0.381302058,19,15.3,4.4,694.8,37.9,3.2,34.7,11.9,27.9,27.9,10.3,214,40,0,79,111,4,4,98,0.47,0,0,0.015,0,0.015,0.485,0.225,0,0,0.71,0.00668866666666667,157.727777777778,34.4833333333333,28932.1747253333,3.90000000005,16,10.63,3.7,3.7,7.4,382.307,381.326,1.062,1.18666666666667,53.68,19.2466666666667,17.3466666666667,6.84,78.3666666666667,93.7266666666667,747.02,13.5,NA,0.153333333333333,4.90666666666667,4.06666666666667,15.7066666666667,76.0266666666667,3,1.2,4.94666666666667,3.35,43.55,7.15,39385.5,59.5,39390.2,64.2,5.94736842105263,7.46842105263158,1.35,4.95,0.2,18.45,19.8,2,1.9,163.871352941176,0.00770941176470588,0.01583,NA,0.00745058823529412,25050.0741741176,1.33517202096149
30.9285714285714,811.357142857143,778.857142857143,"SFG1","California","Sierra Foothills grazed","inland","inland rangeland","rangeland","b","high_nut","nutrients",0.300873796,15.4,13.9,4.2,641.4,34.1,1.7,32.4,7.5,23.7,23.7,7.5,971,196,1,84,500,14,14,500,0.0678571428571429,0.0357142857142857,0,0.167857142857143,0,0.203571428571429,0.271428571428571,0.178571428571429,0.292857142857143,0,0.742857142857143,0.00542285714285714,98.0714285714286,26.5142857142857,20312.33559,3.50714285721429,18,5.43571428571429,3.92857142857143,3.14285714285714,7.07142857142857,171.461428571429,157.275833333333,36.6535714285714,4.69285714285714,123.914285714286,2.82142857142857,14.7357142857143,6.32142857142857,129.25,656.392857142857,2412.42857142857,19.4928571428571,6.71666666666667,1.99285714285714,19.8428571428571,1.72142857142857,27.4571428571429,60.1071428571429,10.2857142857143,0.414285714285714,4.87142857142857,3.46428571428571,78.4583333333333,10.2857142857143,39413.9285714286,87.9285714285714,39420.5384615385,94.5384615384615,5.61538461538461,5.34615384615385,27.7857142857143,18.7142857142857,2.21428571428571,29,56.7857142857143,1.92857142857143,2,613.436692307692,0.0328007692307692,NA,NA,0.0328007692307692,19038.5652846154,0.918168498168498
36.0476190476191,826.619047619048,751.809523809524,"SFG1","California","Sierra Foothills grazed","inland","inland rangeland","rangeland","b","high_water","water",0.300873796,15.4,13.9,4.2,641.4,34.1,1.7,32.4,7.5,23.7,23.7,7.5,971,196,1,84,500,14,14,500,0.0642857142857143,0.0380952380952381,0,0.197619047619048,0,0.235714285714286,0.3,0.166666666666667,0.271428571428571,0,0.738095238095238,0.00552285714285714,99.9619047619048,27.9809523809524,20012.7619561905,3.5396825397619,18,5.34761904761905,3.61904761904762,3,6.61904761904762,172.645238095238,157.29,30.3352380952381,4.71428571428571,124.285714285714,3.0952380952381,15.0761904761905,6.30952380952381,136.566666666667,671.909523809524,2486.19047619048,19.5904761904762,6.70526315789474,2.11428571428571,20.4809523809524,1.74285714285714,27.2095238095238,60.152380952381,10.4761904761905,0.40952380952381,5.14285714285714,3.38095238095238,80.7368421052632,8.80952380952381,39416.9047619048,90.9047619047619,39425.3333333333,99.3333333333333,4.9,3.69,22,14.4285714285714,0.714285714285714,38.4761904761905,60.4761904761905,2.61904761904762,2.0952380952381,379.590047619048,0.1491545,0.019872,0.433005,0.02061654,18606.464824,0.714547619047619
28.15,894.55,756.8,"SFG1","California","Sierra Foothills grazed","inland","inland rangeland","rangeland","b","low_nut","nutrients",0.300873796,15.4,13.9,4.2,641.4,34.1,1.7,32.4,7.5,23.7,23.7,7.5,971,196,1,84,500,14,14,500,0.065,0.04,0,0.195,0,0.235,0.3,0.175,0.26,0,0.735,0.005343,97.28,27.22,20171.294791,3.5433333334,18,5.36,3.5,2.9,6.4,174.608,159.678888888889,30.897,4.62,122.42,3.01,14.49,6.32,133.54,668.2,2479.2,19.52,6.71111111111111,2.06,20.35,1.72,27.24,60.32,10.3,0.41,5,3.4,80.2222222222222,8.8,39423.95,97.95,39431.25,105.25,3.36842105263158,2.48421052631579,9.65,8.55,0.1,20.35,30,2.1,2.1,251.290666666667,0.0638583333333333,0.0164676666666667,0.4274,0.0172079277777778,14972.2348766471,0.553148148148148
22.7619047619048,614.571428571429,755.047619047619,"SFG1","California","Sierra Foothills grazed","inland","inland rangeland","rangeland","b","low_water","water",0.300873796,15.4,13.9,4.2,641.4,34.1,1.7,32.4,7.5,23.7,23.7,7.5,971,196,1,84,500,14,14,500,0.0619047619047619,0.0380952380952381,0,0.204761904761905,0,0.242857142857143,0.304761904761905,0.169047619047619,0.25952380952381,0,0.733333333333333,0.00527,96.4047619047619,27.3190476190476,20196.8836780952,3.56507936514286,18,5.33809523809524,3.52380952380952,2.80952380952381,6.33333333333333,173.651904761905,158.722105263158,30.0461904761905,4.61428571428571,122.266666666667,3.06190476190476,14.4904761904762,6.32857142857143,133.714285714286,674.814285714286,2518.90476190476,19.7714285714286,6.71052631578947,2.05238095238095,20.5952380952381,1.7047619047619,27.1809523809524,60.5285714285714,10.1666666666667,0.40952380952381,5,3.45238095238095,79.8157894736842,8.28571428571429,39442.7,116.7,39449.1578947368,123.157894736842,1.89473684210526,1.78421052631579,2.61904761904762,2.47619047619048,0,4.09523809523809,6.71428571428571,2.04761904761905,1.95238095238095,166.34595,0.0322715,0.01327,0.42629,0.011395,14588.33778455,0.890625
31.3571428571429,638.428571428571,485.714285714286,"SGC1","California","Sweeney corral","inland","inland roadside","roadside","b","high_nut","nutrients",0.502734747,21.4,16,4,823.4,42.1,2.7,39.4,31.6,25.1,32.1,11.1,69,10,1,46,25,6,19,23,0.0957142857142857,0,0,0,0,0,0.0957142857142857,0,0.00714285714285714,0,0.102857142857143,0.000626666666666667,9.86428571428571,6.4,19598.3203025,2.87857142857143,19,2.33571428571429,0.285714285714286,1,1.28571428571429,345.887142857143,338.256428571429,7.63071428571429,0.864285714285714,47.0857142857143,47.1142857142857,28.7642857142857,6.90714285714286,244.85,120.114285714286,974.285714285714,17.0214285714286,NA,0.142857142857143,6.69285714285714,9.05714285714286,14.5142857142857,72.75,2.46428571428571,1.22857142857143,4.49285714285714,3.14285714285714,72.8214285714286,11.5,39411.4285714286,85.4285714285714,39417.5714285714,91.5714285714286,5.71428571428571,5.75,48.8571428571429,29.2142857142857,3.92857142857143,63.8571428571429,112.714285714286,2.14285714285714,2.14285714285714,493.241923076923,0.0842657142857143,0.0187115,0.42284,0.0236209071428571,22092.3444261538,1.00658163265306
38.2857142857143,796.571428571429,505.761904761905,"SGC1","California","Sweeney corral","inland","inland roadside","roadside","b","high_water","water",0.502734747,21.4,16,4,823.4,42.1,2.7,39.4,31.6,25.1,32.1,11.1,69,10,1,46,25,6,19,23,0.112857142857143,0,0,0,0,0,0.112857142857143,0,0.00238095238095238,0,0.115238095238095,0.0008165,11.4571428571429,6.80952380952381,15488.572556,2.88095238095238,19,2.25238095238095,0.333333333333333,1,1.33333333333333,342.36619047619,335.787142857143,6.57904761904762,0.885714285714286,47.4285714285714,41.8952380952381,27.2952380952381,6.92857142857143,237.842857142857,110.42380952381,900.390476190476,17.1285714285714,NA,0.123809523809524,6.22380952380952,9.40952380952381,14.3904761904762,72.1714285714286,2.64285714285714,1.39047619047619,4.93809523809524,3.0952380952381,74.5952380952381,8.9,39415.45,89.45,39421.55,95.55,5.95,5.145,32.7619047619048,24.4761904761905,1.23809523809524,66.4761904761905,99.2380952380952,2.57142857142857,2.04761904761905,276.461421052632,0.102984736842105,0.0153755,NA,0.0132610947368421,21607.3958715789,0.766048534798535
26.1111111111111,785.888888888889,480.944444444444,"SGC1","California","Sweeney corral","inland","inland roadside","roadside","b","low_nut","nutrients",0.502734747,21.4,16,4,823.4,42.1,2.7,39.4,31.6,25.1,32.1,11.1,69,10,1,46,25,6,19,23,0.0938888888888889,0,0,0,0,0,0.0938888888888889,0,0.00555555555555556,0,0.0994444444444444,0.000676875,10.9555555555556,6.68888888888889,20494.474045,2.85,19,2.28888888888889,0.333333333333333,1,1.33333333333333,344.908888888889,338.024444444444,6.88444444444444,0.872222222222222,47.1333333333333,44.9333333333333,29.5277777777778,6.88333333333333,222.983333333333,109.805555555556,892.933333333333,17.3166666666667,NA,0.138888888888889,6.14444444444444,9.01111111111111,14.4555555555556,72.55,2.58333333333333,1.40555555555556,4.44444444444444,3.11111111111111,72.7777777777778,8.3125,39420.5625,94.5625,39427,101,3.8,1.2,10.2222222222222,8.55555555555556,0.222222222222222,24.2777777777778,34.5,1.88888888888889,2.22222222222222,208.2193125,0.010715,NA,NA,0.010715,20146.66617125,0.391504273504274
24.1111111111111,628.611111111111,539.277777777778,"SGC1","California","Sweeney corral","inland","inland roadside","roadside","b","low_water","water",0.502734747,21.4,16,4,823.4,42.1,2.7,39.4,31.6,25.1,32.1,11.1,69,10,1,46,25,6,19,23,0.105,0,0,0,0,0,0.105,0,0.00277777777777778,0,0.107777777777778,0.000757058823529412,10.7944444444444,6.66111111111111,15887.9049270588,2.87777777777778,19,2.29444444444444,0.333333333333333,1,1.33333333333333,345.067777777778,337.933333333333,7.13444444444444,0.883333333333333,47.4,43.6666666666667,29.2111111111111,6.90555555555556,237.733333333333,112.488888888889,915.861111111111,17.5722222222222,NA,0.138888888888889,6.32777777777778,9.25,14.3444444444444,72.2666666666667,2.75,1.4,4.87222222222222,3.11111111111111,74.3888888888889,8.22222222222222,39431.8333333333,105.833333333333,39438,112,2.41176470588235,1.61764705882353,4.55555555555556,3.83333333333333,0.111111111111111,10.5555555555556,15.1111111111111,2,2.22222222222222,168.924111111111,0.00818117647058824,NA,NA,0.00818117647058824,23001.56706,0.650555555555556
28.6,698.2,744.466666666667,"Al10","Chile","Alcohuaz","inland","inland agricultural field","agricultural field","b","high_nut","nutrients",NA,9.9,13.2,6,324,21.2,-0.8,22,5.8,13.8,14.1,5.8,76,26,0,120,57,1,1,57,0.176666666666667,0,0,0,0,0,0.176666666666667,0.00666666666666667,0.0566666666666667,0,0.24,0.00934133333333333,125.0616,36.9312,13376.9638453333,2.59688888886667,1,5.71333333333333,1.73333333333333,4.6,6.33333333333333,290.846153846154,278.384615384615,3.09090909090909,2.3,75.3777777777778,35.5222222222222,17.2888888888889,7.9,152.855555555556,158.288888888889,1697.55555555556,24.3,NA,0,10.2666666666667,5,11.8111111111111,81.9888888888889,0,1.22222222222222,7,3.56666666666667,55.7666666666667,10.5,39404.6666666667,78.6666666666667,39407.6,81.6,8.53333333333333,15.98,65.6666666666667,49.8,7.13333333333333,124.066666666667,189.733333333333,2,2,563.801230769231,0.0596221428571429,0.020673,NA,0.0291801928571429,21075.5397846154,1.80525420875421
34.6818181818182,796,698.636363636364,"Al10","Chile","Alcohuaz","inland","inland agricultural field","agricultural field","b","high_water","water",NA,9.9,13.2,6,324,21.2,-0.8,22,5.8,13.8,14.1,5.8,76,26,0,120,57,1,1,57,0.159090909090909,0,0,0,0,0,0.159090909090909,0.00454545454545455,0.0545454545454545,0,0.218181818181818,0.00912409090909091,117.217409090909,34.8965909090909,12750.9745995455,2.57893939390909,1,5.67272727272727,1.45454545454545,5.54545454545455,7,292.55,283.4,3.05555555555556,2.20769230769231,73.4923076923077,38.9153846153846,17.0923076923077,7.83076923076923,137.830769230769,128.653846153846,1411.88461538462,20.3,NA,0,8.53846153846154,5.66153846153846,11.9923076923077,81.0538461538462,0,1.30769230769231,7.28461538461538,3.63636363636364,56.0227272727273,8.36363636363636,39405.4285714286,79.4285714285714,39411.2380952381,85.2380952380952,6.73684210526316,7.83157894736842,25.0909090909091,24.5454545454545,2.09090909090909,71.8181818181818,96.9090909090909,2.54545454545455,2.13636363636364,295.692166666667,0.0917236363636364,0.0178955,NA,0.0142350363636364,22213.3612490476,1.04886166465114
27.9473684210526,815.052631578947,729.315789473684,"Al10","Chile","Alcohuaz","inland","inland agricultural field","agricultural field","b","low_nut","nutrients",NA,9.9,13.2,6,324,21.2,-0.8,22,5.8,13.8,14.1,5.8,76,26,0,120,57,1,1,57,0.168421052631579,0,0,0,0,0,0.168421052631579,0.00526315789473684,0.0578947368421053,0,0.231578947368421,0.00967631578947368,126.281842105263,36.5240526315789,12996.1954289474,2.62298245610526,1,5.88421052631579,1.68421052631579,5.52631578947368,7.21052631578947,292.882352941176,282.705882352941,3,2.24545454545455,74.2909090909091,42.1090909090909,17.6727272727273,7.86363636363636,148.281818181818,143.990909090909,1585.13636363636,22.0181818181818,NA,0,9.56363636363636,5.30909090909091,11.8181818181818,81.6545454545455,0,1.23636363636364,7.24545454545455,3.57894736842105,55.6315789473684,7.55555555555556,39409.2352941177,83.2352941176471,39414.7777777778,88.7777777777778,5.66666666666667,5.18333333333333,9.10526315789474,10.3684210526316,0.842105263157895,30.6842105263158,39.7894736842105,1.73684210526316,1.84210526315789,215.674,0.0120685714285714,NA,NA,0.0120685714285714,18900.7989414286,0.732721476054809
26.9,583.05,720.2,"Al10","Chile","Alcohuaz","inland","inland agricultural field","agricultural field","b","low_water","water",NA,9.9,13.2,6,324,21.2,-0.8,22,5.8,13.8,14.1,5.8,76,26,0,120,57,1,1,57,0.165,0,0,0,0,0,0.165,0.005,0.055,0,0.225,0.009296,121.302,35.5792,12990.950875,2.5918333333,1,5.75,1.6,5.3,6.9,299,289.222222222222,3,2.18333333333333,73.0333333333333,40.1,17.1166666666667,7.85,143.95,136.766666666667,1506.66666666667,21.2833333333333,NA,0,9.1,5.38333333333333,11.8166666666667,81.5666666666667,0,1.25,7.33333333333333,3.7,55.95,8.05263157894737,39411.9473684211,85.9473684210526,39419.6842105263,93.6842105263158,3.9375,3.2125,4,4.45,0.4,11.6315789473684,15.05,2.05,2.1,157.066526315789,0.00854421052631579,NA,NA,0.00854421052631579,18367.4515731579,0.787872023809524
34.5,857.416666666667,737.75,"CB1","Chile","Carrizal Bajo","coastal","coastal preserve","preserve","b","high_nut","nutrients",NA,17.6,9.7,5.5,274.8,26.7,9.3,17.4,14.6,21.1,21.1,14.1,38,12,0,108,30,0,0,27,0.166666666666667,0,0,0,0,0,0.166666666666667,0.0333333333333333,0.05,0,0.25,0.009545,171.362166666667,34.9660833333333,18581.51758,3.14916666666667,4,3.41666666666667,4.5,6.83333333333333,11.3333333333333,318.166666666667,314,4.16666666666667,0.525,40.45,23.2125,13.15,8.175,92.9125,134.9875,850.8125,79.325,NA,0,5.9375,4.025,19.075,70.7875,0,6.0875,23.3,3.45833333333333,49.8333333333333,10.5833333333333,39387.1666666667,61.1666666666667,39393.9166666667,67.9166666666667,9.25,19.025,76,69.5833333333333,8.16666666666667,241.583333333333,317.583333333333,2.08333333333333,2.16666666666667,532.732818181818,0.0618254545454545,0.013823,NA,0.0230811545454545,24556.3098081818,1.91067009379509
31.55,860.5,645.95,"CB1","Chile","Carrizal Bajo","coastal","coastal preserve","preserve","b","high_water","water",NA,17.6,9.7,5.5,274.8,26.7,9.3,17.4,14.6,21.1,21.1,14.1,38,12,0,108,30,0,0,27,0.14,0,0,0,0,0,0.14,0.025,0.045,0,0.21,0.008488,154.92675,32.194,18690.6830705,3.2195,4,3.29,4.25,6.3,10.55,332.25,327.85,4.4,0.45,39.0166666666667,20.875,13.3916666666667,8.25833333333333,79.7666666666667,114.266666666667,683.408333333333,68.075,NA,0,4.85,4.34166666666667,20.125,69.0416666666667,0,6.46666666666667,19.925,3.4,50.475,9.26315789473684,39392.5,66.5,39398.85,72.85,9.15,10.985,45.35,39.45,3.75,114.55,159.9,2.45,2.1,294.099777777778,0.101187368421053,0.0076655,NA,0.0114637263157895,26916.2368211765,1.21800492562993
29.5,850.5625,665.1875,"CB1","Chile","Carrizal Bajo","coastal","coastal preserve","preserve","b","low_nut","nutrients",NA,17.6,9.7,5.5,274.8,26.7,9.3,17.4,14.6,21.1,21.1,14.1,38,12,0,108,30,0,0,27,0.15,0,0,0,0,0,0.15,0.025,0.0375,0,0.2125,0.008581875,154.8273125,32.381625,18555.37745625,3.1775,4,3.3,4.125,6.25,10.375,335.1875,331.0625,4.125,0.472727272727273,39.4363636363636,21.1363636363636,13.3,8.23636363636364,80.6545454545455,117.454545454545,712.554545454545,68.4272727272727,NA,0,5.02727272727273,4.18181818181818,19.9272727272727,69.6818181818182,0,6.18181818181818,20.2909090909091,3.4375,50.09375,8.5625,39393.625,67.625,39399.3125,73.3125,7.23076923076923,4.21538461538462,8.25,14.25,1.25,54.375,62.625,1.75,1.875,229.478916666667,0.01049,NA,NA,0.01049,24435.92193,0.584398656898657
28.6666666666667,723.111111111111,672.888888888889,"CB1","Chile","Carrizal Bajo","coastal","coastal preserve","preserve","b","low_water","water",NA,17.6,9.7,5.5,274.8,26.7,9.3,17.4,14.6,21.1,21.1,14.1,38,12,0,108,30,0,0,27,0.133333333333333,0,0,0,0,0,0.133333333333333,0.0277777777777778,0.05,0,0.211111111111111,0.008565,156.042333333333,32.4681111111111,18699.0486561111,3.18555555555556,4,3.21666666666667,4.16666666666667,6.27777777777778,10.4444444444444,334.555555555556,330.166666666667,4.38888888888889,0.472727272727273,39.4363636363636,21.1363636363636,13.3,8.23636363636364,80.6545454545455,117.454545454545,712.554545454545,68.4272727272727,NA,0,5.02727272727273,4.18181818181818,19.9272727272727,69.6818181818182,0,6.18181818181818,20.2909090909091,3.38888888888889,50.3611111111111,7.875,39397.1875,71.1875,39402.625,76.625,4.6875,3.05,11,6.44444444444444,0.611111111111111,20.1666666666667,31.1666666666667,2.11111111111111,1.94444444444444,123.747125,0.005878125,NA,NA,0.005878125,23987.61252375,0.646293650793651
39.0555555555556,827.611111111111,483.333333333333,"CG11","Chile","Cerro Grande","coastal","coastal roadside","roadside","b","high_nut","nutrients",NA,14.5,8.8,5.4,244.4,22.8,6.7,16.1,11.5,17.6,17.7,11.5,88,26,0,112,64,0,0,64,0.15,0,0,0,0,0,0.15,0.191666666666667,0.147222222222222,0,0.488888888888889,0.00687555555555556,160.373833333333,42.0584,23117.4439038889,3.35018518522222,5,5.78833333333333,6.55555555555556,7.88888888888889,14.4444444444444,267.888888888889,268.4375,10.0625,0.933333333333333,48.5833333333333,21.825,21.4333333333333,8.09166666666667,165.883333333333,595.558333333333,1686.78333333333,462.083333333333,NA,0,15.7583333333333,2.80833333333333,31.7083333333333,53.1833333333333,0,12.2916666666667,8.98333333333333,3.08333333333333,67.75,9.88888888888889,39411.8888888889,85.8888888888889,39418.4444444444,92.4444444444444,7.29411764705882,9.67058823529412,46.5,36.9444444444444,3.11111111111111,86.5555555555556,133.055555555556,2.16666666666667,2.11111111111111,722.828352941176,0.0293933333333333,NA,NA,0.0293933333333333,25695.6739794118,1.30491596638655
41.5789473684211,955.947368421053,526.473684210526,"CG11","Chile","Cerro Grande","coastal","coastal roadside","roadside","b","high_water","water",NA,14.5,8.8,5.4,244.4,22.8,6.7,16.1,11.5,17.6,17.7,11.5,88,26,0,112,64,0,0,64,0.126315789473684,0,0,0,0,0,0.126315789473684,0.173684210526316,0.168421052631579,0,0.468421052631579,0.00693947368421053,167.272578947368,44.6023333333333,23480.3506468421,3.40649122810526,5,5.41473684210526,6.73684210526316,7.57894736842105,14.3157894736842,266,265.647058823529,10.1176470588235,0.869230769230769,47.1692307692308,21.5538461538462,19.4615384615385,8.13076923076923,174.307692307692,585.538461538462,1694.41538461538,449.769230769231,NA,0,15.6769230769231,2.96923076923077,31.2615384615385,53.8384615384615,0,11.9153846153846,8.6,3.02631578947368,67.7631578947368,8.52631578947368,39412.7894736842,86.7894736842105,39419.3157894737,93.3157894736842,6.15789473684211,4.88421052631579,27.8421052631579,20.4210526315789,1.10526315789474,54.8421052631579,82.6842105263158,3,2.15789473684211,323.446722222222,0.0833752631578947,0.018353,NA,0.0160825315789474,19671.9702344444,0.789937343358396
29.0526315789474,922.736842105263,497.263157894737,"CG11","Chile","Cerro Grande","coastal","coastal roadside","roadside","b","low_nut","nutrients",NA,14.5,8.8,5.4,244.4,22.8,6.7,16.1,11.5,17.6,17.7,11.5,88,26,0,112,64,0,0,64,0.142105263157895,0,0,0,0,0,0.142105263157895,0.184210526315789,0.163157894736842,0,0.489473684210526,0.00698578947368421,168.817157894737,44.6023333333333,23622.4847752632,3.39912280705263,5,5.50947368421053,6.94736842105263,7.84210526315789,14.7894736842105,265.052631578947,264.647058823529,10.0588235294118,0.953846153846154,48.9384615384615,23.0846153846154,20.9230769230769,8.13076923076923,178.723076923077,598.246153846154,1748.87692307692,452.153846153846,NA,0,16.0769230769231,2.96153846153846,31.1384615384615,54.2,0,11.6923076923077,8.89230769230769,3.05263157894737,67.7894736842105,8.27777777777778,39417.7894736842,91.7894736842105,39424.2105263158,98.2105263157895,4.66666666666667,1.96111111111111,14.7368421052632,14.3684210526316,1.15789473684211,41.6315789473684,56.3684210526316,1.89473684210526,2.05263157894737,246.6306875,0.0588863157894737,0.0123115,0.43106,0.0137680368421053,19533.8027706667,0.443240740740741
21.95,576.4,491.7,"CG11","Chile","Cerro Grande","coastal","coastal roadside","roadside","b","low_water","water",NA,14.5,8.8,5.4,244.4,22.8,6.7,16.1,11.5,17.6,17.7,11.5,88,26,0,112,64,0,0,64,0.14,0,0,0,0,0,0.14,0.18,0.155,0,0.475,0.007013,165.7755,44.6023333333333,23158.385769,3.3841666667,5,5.439,6.6,7.7,14.3,263.6,262.555555555556,10,0.942857142857143,48.7428571428571,22.4571428571429,20.8571428571429,8.1,172.157142857143,596.571428571429,1703.52857142857,460.357142857143,NA,0,15.8571428571429,2.87142857142857,31.5142857142857,53.3857142857143,0,12.2142857142857,9.15714285714286,3.05,67.5,8,39426.55,100.55,39433.55,107.55,2.57894736842105,2.65263157894737,5.05,4.2,0.2,11.35,16.4,2.1,2.1,151.3524,0.0092545,NA,NA,0.0092545,16168.6570075,0.994537037037037
31.2727272727273,844.363636363636,377.363636363636,"FJ10","Chile","Fray Jorge","coastal","coastal preserve","preserve","a","high_nut","nutrients",NA,13.6,9.4,5.6,257,22.4,5.7,16.7,10.4,16.8,17,10.4,150,50,0,123,109,0,0,109,0.281818181818182,0,0,0,0.0363636363636364,0.0363636363636364,0.318181818181818,0.231818181818182,0.131818181818182,0.0727272727272727,0.754545454545455,0.005993,105.0009,NA,18361.760572,3.4266666667,6,9.3,6,11.9,17.9,310.818181818182,304.181818181818,6.63636363636364,5.3,136.177777777778,47.9,18.6555555555556,6.22222222222222,459.244444444444,295.655555555556,1577.08888888889,28.2555555555556,6.78888888888889,1.45555555555556,13.0555555555556,8.73333333333333,18.3888888888889,60.0222222222222,11.9444444444444,0.944444444444444,8.06666666666667,3.36363636363636,68,10.0909090909091,39412.3636363636,86.3636363636364,39418.4545454545,92.4545454545455,6.7,8.88,51.6363636363636,30.2727272727273,2.81818181818182,56.8181818181818,108.454545454545,2.09090909090909,2.36363636363636,542.378636363636,0.0627990909090909,0.02681,0.43307,0.0234290909090909,23742.7618127273,2.14236111111111
43.3684210526316,709.947368421053,488.315789473684,"FJ10","Chile","Fray Jorge","coastal","coastal preserve","preserve","a","high_water","water",NA,13.6,9.4,5.6,257,22.4,5.7,16.7,10.4,16.8,17,10.4,150,50,0,123,109,0,0,109,0.215789473684211,0,0,0,0.0105263157894737,0.0105263157894737,0.226315789473684,0.189473684210526,0.336842105263158,0.1,0.852631578947368,0.0106466666666667,182.197166666667,NA,18358.2115133333,3.44313725488235,6,12.2,6.58823529411765,15.6470588235294,22.2352941176471,301.263157894737,295.210526315789,6.05263157894737,4.25,114.8625,45.0875,14.43125,6.26875,444.71875,288.025,1382.55,31.95625,6.83125,1.31875,11.85625,9.3625,19.75625,58.475,11.15625,1.275,8.60625,3.5,69.1875,9.36842105263158,39415.0555555556,89.0555555555556,39419.0555555556,93.0555555555556,5.47368421052632,5.06315789473684,23.5263157894737,16.1578947368421,2.36842105263158,41.4736842105263,65,3.26315789473684,1.94736842105263,257.741210526316,0.172569473684211,0.0180615714285714,NA,0.0155531,17389.1832921053,0.900075187969925
30,819,468.5,"FJ10","Chile","Fray Jorge","coastal","coastal preserve","preserve","a","low_nut","nutrients",NA,13.6,9.4,5.6,257,22.4,5.7,16.7,10.4,16.8,17,10.4,150,50,0,123,109,0,0,109,0.238888888888889,0,0,0,0.0111111111111111,0.0111111111111111,0.25,0.188888888888889,0.327777777777778,0.0777777777777778,0.844444444444444,0.00944058823529412,167.268058823529,NA,18925.6609941176,3.4567708333125,6,11.275,6.375,14.9375,21.3125,307.277777777778,301.388888888889,5.88888888888889,4.06,111.173333333333,40.0066666666667,14.6666666666667,6.27333333333333,414.44,265.653333333333,1285.52,31.28,6.84666666666667,1.22,11.0133333333333,9.30666666666667,19.5933333333333,58.6533333333333,11.1,1.36666666666667,9.03333333333333,3.53125,71.46875,8.58823529411765,39420.1176470588,94.1176470588235,39425.8235294118,99.8235294117647,3.86666666666667,2.17333333333333,8.66666666666667,8.55555555555556,0.277777777777778,19.2777777777778,27.9444444444444,1.83333333333333,1.83333333333333,206.412769230769,0.0418971428571429,0.010703,NA,0.0114551928571429,19748.8969207692,0.578888888888889
27.3,630.3,447.6,"FJ10","Chile","Fray Jorge","coastal","coastal preserve","preserve","a","low_water","water",NA,13.6,9.4,5.6,257,22.4,5.7,16.7,10.4,16.8,17,10.4,150,50,0,123,109,0,0,109,0.245,0,0,0,0.02,0.02,0.265,0.195,0.285,0.09,0.835,0.00928666666666667,160.018111111111,NA,18305.0916388889,3.43055555555556,6,11.1,6.44444444444444,14.5555555555556,21,304.7,298.6,6.1,4.2375,114.725,43.125,15.175,6.275,452.3,292.775,1443.675,31.3125,6.825,1.3375,12.2375,9.25,19.5375,58.95,11.0625,1.225,8.5125,3.44444444444444,69.3888888888889,8.2,39432.6315789474,106.631578947368,39439.5789473684,113.578947368421,3.3,2.75,4.8,4.9,0.25,10.85,15.65,2.2,2,138.147631578947,0.008247,NA,NA,0.008247,17067.8363267895,0.833333333333333
30.4666666666667,770.266666666667,618.8,"Il1","Chile","Illapel","inland","inland rangeland","rangeland","b","high_nut","nutrients",NA,16.6,10.7,5.5,315.3,26.8,7.4,19.4,13,20.4,20.7,12.6,184,43,0,98,115,1,1,114,0.0966666666666667,0,0,0,0,0,0.0966666666666667,0.0233333333333333,0.00333333333333333,0,0.123333333333333,0.00249733333333333,39.1029333333333,16.8837692307692,17127.3079057333,2.37179487176923,7,2.40666666666667,1.6,1.4,3,499.466666666667,NA,NA,1.8,65.8461538461538,22.8538461538462,18.0692307692308,7.59230769230769,178.115384615385,250.284615384615,2145,19.5,NA,0,13.3,3.38461538461538,14.2384615384615,81.7692307692308,0,0.607692307692308,4.51538461538462,3.1,62.5714285714286,10.8,39408.6666666667,82.6666666666667,39418.7333333333,92.7333333333333,7.4,8.66666666666667,83.6,44.3333333333333,3.4,112.133333333333,195.733333333333,2.13333333333333,2.13333333333333,538.3187,0.05274,0.025343,NA,0.0243275133333333,22814.263632,1.1713443963444
35.5238095238095,891.714285714286,639.666666666667,"Il1","Chile","Illapel","inland","inland rangeland","rangeland","b","high_water","water",NA,16.6,10.7,5.5,315.3,26.8,7.4,19.4,13,20.4,20.7,12.6,184,43,0,98,115,1,1,114,0.0857142857142857,0,0,0,0,0,0.0857142857142857,0.0238095238095238,0.00476190476190476,0,0.114285714285714,0.00261190476190476,41.3872857142857,17.1042631578947,17486.012040381,2.42456140347368,7,2.51904761904762,1.85714285714286,1.61904761904762,3.47619047619048,526.857142857143,NA,NA,1.78947368421053,65.5473684210526,23.9368421052632,17.5210526315789,7.57368421052632,176.863157894737,237.5,2112.05263157895,19.9157894736842,NA,0,13.0368421052632,3.52105263157895,14.0473684210526,81.8105263157895,0,0.636842105263158,4.49473684210526,3.16666666666667,63.5526315789474,9,39411.2380952381,85.2380952380952,39416.619047619,90.6190476190476,6.36842105263158,5.43684210526316,40.1904761904762,24.6190476190476,1.71428571428571,59.7142857142857,99.9047619047619,2.42857142857143,2.04761904761905,280.300175,0.055412,0.0156165,0.4251,0.012847635,22786.1140495,0.892136591478697
22.8947368421053,937.526315789474,647.157894736842,"Il1","Chile","Illapel","inland","inland rangeland","rangeland","b","low_nut","nutrients",NA,16.6,10.7,5.5,315.3,26.8,7.4,19.4,13,20.4,20.7,12.6,184,43,0,98,115,1,1,114,0.0921052631578947,0,0,0,0,0,0.0921052631578947,0.0236842105263158,0.00526315789473684,0,0.121052631578947,0.00253947368421053,41.7314210526316,17.1325882352941,18069.6753501053,2.42156862741176,7,2.50526315789474,1.84210526315789,1.63157894736842,3.47368421052632,515.578947368421,NA,NA,1.8,65.8235294117647,23.8470588235294,19.1764705882353,7.58823529411765,176.011764705882,245.794117647059,2134.82352941176,19.3705882352941,NA,0,13.2117647058824,3.45294117647059,14.3058823529412,81.6529411764706,0,0.6,4.40588235294118,3.15789473684211,62.9705882352941,8.52631578947368,39418,92,39423.0526315789,97.0526315789474,4.26315789473684,1.86842105263158,14.6315789473684,10.5789473684211,0.263157894736842,28.6315789473684,43.2631578947368,2,2.15789473684211,199.542416666667,0.0346944444444444,0.01273,0.42626,0.0110133333333333,20727.4372628333,0.469561403508772
18.05,560.25,668.4,"Il1","Chile","Illapel","inland","inland rangeland","rangeland","b","low_water","water",NA,16.6,10.7,5.5,315.3,26.8,7.4,19.4,13,20.4,20.7,12.6,184,43,0,98,115,1,1,114,0.09,0,0,0,0,0,0.09,0.025,0.005,0,0.12,0.002554,41.7223,17.1296666666667,17900.2728546,2.44814814811111,7,2.55,1.8,1.6,3.4,513.4,NA,NA,1.8,65.7777777777778,24.2333333333333,18.2555555555556,7.6,172.877777777778,237.077777777778,2129.66666666667,20.3,NA,0,13.1111111111111,3.41111111111111,13.8666666666667,82.0888888888889,0,0.644444444444444,4.34444444444444,3.15,63.1111111111111,8.55,39422.3,96.3,39428.2,102.2,3.125,2.48125,4.85,5.05,0.25,14.45,19.3,2,1.95,133.786631578947,0.052998947368421,0.0095,0.42465,0.00829894736842105,16297.9522584211,0.777604166666667
41.8125,818.125,888.75,"Camp10","Chile","Las Campanas","inland","inland roadside","roadside","b","high_nut","nutrients",NA,13.2,14.3,6.1,338.1,26.3,3,23.3,8.8,17.2,17.5,8.8,391,105,0,111,268,3,3,268,0.11875,0,0,0,0,0,0.11875,0,0.0875,0,0.20625,0.00405571428571429,45.7987857142857,NA,12291.0611248571,2.8307291666875,9,4.55625,5.9375,8.375,14.3125,262.375,246.375,16,2.85,86.9142857142857,5.15714285714286,5.04285714285714,6.68571428571429,137.571428571429,272.857142857143,953.885714285714,38.9071428571429,6.9,0.528571428571429,8.02857142857143,4.90714285714286,26.5857142857143,60.3785714285714,6.07142857142857,2.06428571428571,5.37857142857143,3.5,77.8666666666667,9.9375,39413.1875,87.1875,39420.5,94.5,5.4,4.86666666666667,21.3125,15.125,2.5,29.625,50.9375,2.5,2.0625,528.927333333333,0.048565,0.02702,0.42009,0.022309375,24447.0635096,0.863362433862434
28.1666666666667,840.777777777778,767.055555555556,"Camp10","Chile","Las Campanas","inland","inland roadside","roadside","b","high_water","water",NA,13.2,14.3,6.1,338.1,26.3,3,23.3,8.8,17.2,17.5,8.8,391,105,0,111,268,3,3,268,0.0972222222222222,0,0,0,0,0,0.0972222222222222,0,0.0972222222222222,0,0.194444444444444,0.003930625,46.0755625,NA,12955.394848,2.89814814811111,9,4.70555555555556,6.44444444444444,8.55555555555556,15,257.5,240,17.5,3.0375,90.4875,4.59375,5.95,6.675,115.8,222.9,826.7625,29.025,6.93333333333333,0.425,6.80625,5.24375,25,62.075,5.78125,1.9125,4.875,3.38888888888889,81.625,9.27777777777778,39418.5555555556,92.5555555555556,39425,99,5.05555555555556,2.74444444444444,24.5555555555556,17.1666666666667,1.33333333333333,38.6111111111111,63.1666666666667,2.55555555555556,2.27777777777778,296.359027777778,0.133222222222222,0.0161015,0.425025,0.01547545,20078.3845383333,0.539312169312169
35.2105263157895,964.263157894737,853.736842105263,"Camp10","Chile","Las Campanas","inland","inland roadside","roadside","b","low_nut","nutrients",NA,13.2,14.3,6.1,338.1,26.3,3,23.3,8.8,17.2,17.5,8.8,391,105,0,111,268,3,3,268,0.121052631578947,0,0,0,0,0,0.121052631578947,0,0.0868421052631579,0,0.207894736842105,0.00358529411764706,43.3598235294118,NA,12938.8132007059,2.87456140352632,9,4.69473684210526,6.47368421052632,8.57894736842105,15.0526315789474,252.263157894737,236.789473684211,15.4736842105263,2.86470588235294,87.1411764705882,4.75882352941176,5.27647058823529,6.72352941176471,130.629411764706,246.723529411765,882.782352941176,34.5764705882353,6.92,0.429411764705882,7.33529411764706,5.37647058823529,25.6470588235294,61.5117647058823,5.44117647058824,2.03529411764706,5.22352941176471,3.42105263157895,79.2941176470588,8.47368421052632,39422.9473684211,96.9473684210526,39430,104,3,0.972222222222222,12.4210526315789,9.36842105263158,0.368421052631579,19.6315789473684,32.0526315789474,1.94736842105263,1.94736842105263,235.2602,0.039152,0.01432,0.42125,0.0110686666666667,21474.2273758667,0.329259259259259
24.9047619047619,657.190476190476,819.238095238095,"Camp10","Chile","Las Campanas","inland","inland roadside","roadside","b","low_water","water",NA,13.2,14.3,6.1,338.1,26.3,3,23.3,8.8,17.2,17.5,8.8,391,105,0,111,268,3,3,268,0.114285714285714,0,0,0,0,0,0.114285714285714,0,0.080952380952381,0,0.195238095238095,0.00401052631578947,45.6905263157895,NA,12519.8339549474,2.88809523804762,9,4.72857142857143,6.52380952380952,8.66666666666667,15.1904761904762,253.857142857143,238.142857142857,15.7142857142857,2.86842105263158,87.1578947368421,5.78421052631579,5.68421052631579,6.68421052631579,120.342105263158,227.8,842.173684210526,29.9578947368421,6.9625,0.415789473684211,6.92631578947368,5.18421052631579,24.8263157894737,62.2105263157895,5.89473684210526,1.89473684210526,5.02105263157895,3.35714285714286,79.4210526315789,8,39438.05,112.05,39442.7894736842,116.789473684211,1.85714285714286,2.26666666666667,4.14285714285714,3.42857142857143,0.19047619047619,6.38095238095238,10.5238095238095,2,2,171.105523809524,0.0084452380952381,0.00994,NA,0.00829476190476191,20851.1864714286,1.05107843137255
32.7692307692308,956.538461538462,520,"Mt1","Chile","Mantagua","coastal","coastal roadside","roadside","b","high_nut","nutrients",NA,14.2,11,6.2,234.3,23.8,6.2,17.6,11.2,16.9,17.3,11.2,362,98,0,110,244,3,3,244,0.138461538461538,0,0,0,0.0346153846153846,0.0346153846153846,0.173076923076923,0.0346153846153846,0.146153846153846,0,0.353846153846154,0.00355,62.4814615384615,NA,18705.7278630769,2.81794871792308,11,3.42307692307692,1.53846153846154,2.69230769230769,4.23076923076923,232.692307692308,215.076923076923,17.6153846153846,3.975,109.35,8.3875,4.05,7.2375,155.6875,88.775,551.2625,37.4375,6.95,0.175,4.2125,9.2125,17.2,66.0875,3.6875,3.8625,5.5625,3.46153846153846,87.2777777777778,10.3076923076923,39420.3076923077,94.3076923076923,39427.0769230769,101.076923076923,4.41666666666667,2.68333333333333,25.1538461538462,13.9230769230769,1.15384615384615,25.3076923076923,50.4615384615385,2.15384615384615,2.15384615384615,492.72025,0.0638358333333333,0.030133,NA,0.028320225,19550.5653745,0.597777777777778
44.7,917.7,689.15,"Mt1","Chile","Mantagua","coastal","coastal roadside","roadside","b","high_water","water",NA,14.2,11,6.2,234.3,23.8,6.2,17.6,11.2,16.9,17.3,11.2,362,98,0,110,244,3,3,244,0.1575,0,0,0,0.0375,0.0375,0.195,0.03,0.15,0,0.375,0.0027045,49.31045,NA,18792.3549055,2.72,11,3.26,1.6,2.55,4.15,211.35,196,15.35,5.25,135.014285714286,10.9214285714286,5.38571428571429,6.92142857142857,222.057142857143,120.557142857143,688.171428571429,45.75,6.92857142857143,0.35,5.55714285714286,9.7,17.5642857142857,62.9928571428571,6.14285714285714,3.63571428571429,7.11428571428571,3.375,85.5357142857143,7.8,39424.95,98.95,39431.7,105.7,3.78947368421053,2.22105263157895,20.35,12.3,0.55,26.35,46.7,2.8,2.05,287.844416666667,0.1882915,0.0178808888888889,0.42737,0.01673681,17395.2109434444,0.575350877192983
27.4,859.066666666667,638.066666666667,"Mt1","Chile","Mantagua","coastal","coastal roadside","roadside","b","low_nut","nutrients",NA,14.2,11,6.2,234.3,23.8,6.2,17.6,11.2,16.9,17.3,11.2,362,98,0,110,244,3,3,244,0.156666666666667,0,0,0,0.0366666666666667,0.0366666666666667,0.193333333333333,0.03,0.153333333333333,0,0.376666666666667,0.002854,52.3822666666667,NA,19202.3330166667,2.7322222222,11,3.36,1.53333333333333,2.6,4.13333333333333,221,204.533333333333,16.4666666666667,4.60909090909091,122.218181818182,8.08181818181818,5.53636363636364,7.20909090909091,198.381818181818,108.190909090909,639.136363636364,45.7181818181818,6.93333333333333,0.190909090909091,4.98181818181818,9.71818181818182,17.6272727272727,65.1545454545455,3.5,4.04545454545454,6.69090909090909,3.36666666666667,87.0909090909091,7.42857142857143,39434.2142857143,108.214285714286,39440.4285714286,114.428571428571,3.07142857142857,1.30714285714286,12.4666666666667,7.46666666666667,0.133333333333333,13.6,26.0666666666667,2.46666666666667,2,205.040857142857,0.135247142857143,0.0153065,0.42628,0.0134661,15997.3121034286,0.421153846153846
26.1,671.15,657.9,"Mt1","Chile","Mantagua","coastal","coastal roadside","roadside","b","low_water","water",NA,14.2,11,6.2,234.3,23.8,6.2,17.6,11.2,16.9,17.3,11.2,362,98,0,110,244,3,3,244,0.155,0,0,0,0.035,0.035,0.19,0.03,0.14,0,0.36,0.002988,53.4521,NA,18617.525622,2.76,11,3.31,1.6,2.6,4.2,216.5,200.6,15.9,4.9,127.971428571429,10.2428571428571,5.12857142857143,6.98571428571429,202.285714285714,111.342857142857,649.257142857143,43.7428571428571,6.93333333333333,0.3,5.17142857142857,9.52857142857143,17.4571428571429,63.8142857142857,5.5,3.74285714285714,6.75714285714286,3.4,87.6428571428571,7.5,39449.1764705882,123.176470588235,39454.6666666667,128.666666666667,1.11111111111111,1.12777777777778,3.65,2.15,0.2,4.5,8.15,2.15,1.95,172.684315789474,0.0333716666666667,0.00988,0.42669,0.00981611111111111,19783.6550848333,0.934615384615385
30.1764705882353,830.294117647059,356.352941176471,"NH1","Chile","NeoHaus","coastal","coastal agricultural field","agricultural field","b","high_nut","nutrients",NA,15.2,7.8,5.4,217.6,22.5,8.3,14.2,12.5,18,18,12.5,79,19,0,101,53,1,1,53,0,0,0,0,0,0,0,1,0,0,1,0.00897647058823529,171.549705882353,NA,21454.7246923529,3.95539215682353,14,13.62,5.86666666666667,8.6,14.4666666666667,187.076923076923,162.076923076923,25,0.561538461538462,41.1692307692308,21.6615384615385,17.8769230769231,7.96153846153846,121.538461538462,175.215384615385,1438.46153846154,86.4307692307692,NA,0,9.3,3.34615384615385,15.5846153846154,76.9615384615385,0,4.06923076923077,32.8230769230769,3.76470588235294,62.1764705882353,10,39407.4,81.4,39414.0666666667,88.0666666666667,7.28571428571429,11.4142857142857,39.5882352941176,32.1176470588235,3.70588235294118,72.6470588235294,112.235294117647,2.05882352941176,2.05882352941176,498.471,0.053358,0.0234315,NA,0.0254895133333333,20445.534728,1.52954365079365
36.3157894736842,848.052631578947,414.315789473684,"NH1","Chile","NeoHaus","coastal","coastal agricultural field","agricultural field","b","high_water","water",NA,15.2,7.8,5.4,217.6,22.5,8.3,14.2,12.5,18,18,12.5,79,19,0,101,53,1,1,53,0,0,0,0,0,0,0,1,0,0,1,0.00991894736842105,188.053578947368,NA,20901.9827405263,3.98771929821053,14,13.2588235294118,6,9,15,190.4,164.2,26.2,0.586666666666667,41.6,20.9666666666667,17.5333333333333,7.95333333333333,120.413333333333,175.06,1411.2,83.9666666666667,NA,0,9.15333333333333,3.36,15.8133333333333,76.7666666666667,0,4.02,30.7466666666667,3.68421052631579,61.8421052631579,8,39414.6315789474,88.6315789473684,39417.7894736842,91.7894736842105,6,5.14666666666667,19.7894736842105,21.7894736842105,1.15789473684211,59.8947368421053,79.6842105263158,2.47368421052632,2.31578947368421,295.427722222222,0.108901111111111,0.0163805,NA,0.0141928222222222,22554.0147122222,0.858619047619048
20.8947368421053,899.263157894737,430.105263157895,"NH1","Chile","NeoHaus","coastal","coastal agricultural field","agricultural field","b","low_nut","nutrients",NA,15.2,7.8,5.4,217.6,22.5,8.3,14.2,12.5,18,18,12.5,79,19,0,101,53,1,1,53,0,0,0,0,0,0,0,1,0,0,1,0.0089821052631579,172.778105263158,NA,21298.5160042105,3.97543859647368,14,12.7,5.47058823529412,8.76470588235294,14.2352941176471,188.8,162.866666666667,25.9333333333333,0.58,41.4266666666667,20.58,18.2133333333333,7.95333333333333,119.813333333333,175.206666666667,1419.86666666667,85.12,NA,0,9.2,3.33333333333333,15.76,76.82,0,4.05333333333333,31.1666666666667,3.65789473684211,61.8684210526316,8.10526315789474,39414.1578947368,88.1578947368421,39420.3157894737,94.3157894736842,4.16666666666667,2.08333333333333,15.3684210526316,14.6842105263158,0.684210526315789,35.2631578947368,50.6315789473684,1.94736842105263,2.05263157894737,208.130882352941,0.0368505555555556,0.01956,NA,0.0131227777777778,17412.8537111176,0.523611111111111
23.7368421052632,668.894736842105,430.105263157895,"NH1","Chile","NeoHaus","coastal","coastal agricultural field","agricultural field","b","low_water","water",NA,15.2,7.8,5.4,217.6,22.5,8.3,14.2,12.5,18,18,12.5,79,19,0,101,53,1,1,53,0,0,0,0,0,0,0,1,0,0,1,0.0089821052631579,172.778105263158,NA,21298.5160042105,3.97543859647368,14,12.7,5.47058823529412,8.76470588235294,14.2352941176471,188.8,162.866666666667,25.9333333333333,0.58,41.4266666666667,20.58,18.2133333333333,7.95333333333333,119.813333333333,175.206666666667,1419.86666666667,85.12,NA,0,9.2,3.33333333333333,15.76,76.82,0,4.05333333333333,31.1666666666667,3.65789473684211,61.8684210526316,7.61111111111111,39419.4210526316,93.4210526315789,39427.4210526316,101.421052631579,3.96842105263158,2.11111111111111,4.10526315789474,4.78947368421053,0.263157894736842,12.0526315789474,16.1578947368421,2.10526315789474,2.10526315789474,152.487736842105,0.00862842105263158,NA,NA,0.00862842105263158,17761.7927352632,0.71787037037037
35.1111111111111,809,509.444444444444,"SCA10","Chile","Santiago","inland","inland roadside","roadside","b","high_nut","nutrients",NA,13.6,15.7,5.7,419.5,28.9,1.7,27.2,8.9,18.3,19,8.2,509,117,1,96,314,7,7,300,0.197222222222222,0,0,0,0.0166666666666667,0.0166666666666667,0.213888888888889,0.336111111111111,0.144444444444444,0,0.694444444444444,0.0161325,259.190444444444,NA,18009.517605625,2.99879629633333,17,13.4,23.4444444444444,45.5555555555556,69,182.444444444444,162.555555555556,19.8888888888889,4.05384615384615,111.107692307692,58.3615384615385,18.9153846153846,7.20769230769231,73.6076923076923,51.9461538461538,1316.60769230769,16.0538461538462,NA,0,7.24615384615385,2.33076923076923,5.76923076923077,91.0384615384615,0,0.869230769230769,4.55384615384615,3.30555555555556,73.8571428571429,10.4444444444444,39413.6666666667,87.6666666666667,39421.8333333333,95.8333333333333,5.77777777777778,5.61111111111111,24.3333333333333,18.8888888888889,4.33333333333333,38.1111111111111,62.4444444444444,2.22222222222222,2,535.935235294118,0.0542682352941176,0.021633,NA,0.0291983941176471,18873.00278,0.96739417989418
38.0526315789474,928.263157894737,545.526315789474,"SCA10","Chile","Santiago","inland","inland roadside","roadside","b","high_water","water",NA,13.6,15.7,5.7,419.5,28.9,1.7,27.2,8.9,18.3,19,8.2,509,117,1,96,314,7,7,300,0.194736842105263,0,0,0,0.00526315789473684,0.00526315789473684,0.2,0.386842105263158,0.142105263157895,0,0.728947368421053,0.0175188235294118,268.275105263158,NA,17141.2498841176,3.116754386,17,18.0210526315789,26.6842105263158,48.7894736842105,75.4736842105263,185,164.052631578947,20.9473684210526,3.96153846153846,109.138461538462,53.3923076923077,18.9769230769231,7.22307692307692,117.1,59.4846153846154,1554.99230769231,27.4538461538462,NA,0,8.66153846153846,3.03846153846154,5.83076923076923,89.9615384615385,0,1.16153846153846,6.21538461538462,3.23684210526316,72.8,8.31578947368421,39417.7368421053,91.7368421052632,39424.0526315789,98.0526315789474,6.31578947368421,5.71052631578947,20.3157894736842,16.9473684210526,2.31578947368421,40.5789473684211,60.8947368421053,2.73684210526316,2.15789473684211,334.067722222222,0.135711111111111,0.0188744,0.43262,0.0169683777777778,21174.8628640556,0.908377192982456
24.3333333333333,850.5,535.888888888889,"SCA10","Chile","Santiago","inland","inland roadside","roadside","b","low_nut","nutrients",NA,13.6,15.7,5.7,419.5,28.9,1.7,27.2,8.9,18.3,19,8.2,509,117,1,96,314,7,7,300,0.205555555555556,0,0,0,0.0111111111111111,0.0111111111111111,0.216666666666667,0.372222222222222,0.138888888888889,0,0.727777777777778,0.0169775,265.907388888889,NA,17651.144600625,3.0864814815,17,16.3111111111111,26.2777777777778,49.3888888888889,75.6666666666667,182.666666666667,162.611111111111,20.0555555555556,3.925,108.5,56.1166666666667,19.525,7.20833333333333,97.3833333333333,56.1083333333333,1453.11666666667,22.7333333333333,NA,0,8.05,2.68333333333333,5.76666666666667,90.5,0,1.05,5.25,3.25,72.0714285714286,8.55555555555556,39420.8888888889,94.8888888888889,39429.1666666667,103.166666666667,4.05555555555556,2,11.4444444444444,9.94444444444444,1.11111111111111,24.1111111111111,35.5555555555556,2,2.16666666666667,281.415588235294,0.0605866666666667,0.01345,0.424605,0.0134083333333333,26092.2782451176,0.478055555555556
23.5714285714286,585.619047619048,521.761904761905,"SCA10","Chile","Santiago","inland","inland roadside","roadside","b","low_water","water",NA,13.6,15.7,5.7,419.5,28.9,1.7,27.2,8.9,18.3,19,8.2,509,117,1,96,314,7,7,300,0.19047619047619,0,0,0,0.00952380952380952,0.00952380952380952,0.2,0.342857142857143,0.142857142857143,0,0.685714285714286,0.0161847368421053,258.234904761905,NA,17666.6377115789,3.04000000004762,17,14.9809523809524,24.2857142857143,43.9523809523809,68.2380952380952,185.714285714286,165,20.7142857142857,3.98666666666667,109.733333333333,54.6533333333333,18.6133333333333,7.23333333333333,95.9066666666667,55.56,1474.89333333333,21.08,NA,0,8.14666666666667,2.68666666666667,5.70666666666667,90.6333333333333,0,0.973333333333333,5.66666666666667,3.26190476190476,73.9411764705882,8.42857142857143,39438.2,112.2,39444.6315789474,118.631578947368,2.57894736842105,2.01578947368421,2.61904761904762,2.61904761904762,0.238095238095238,5.85714285714286,8.47619047619048,1.9047619047619,2,162.9333,0.0114815,NA,NA,0.0114815,14551.3556296,0.796862745098039
38,772.764705882353,816,"V?","Chile","Vallenar","inland","inland roadside","roadside","a","high_nut","nutrients",NA,15.7,12.9,6.3,261.8,26.5,6.1,20.4,12.5,19,19.2,12.5,54,12,0,97,33,0,0,33,0.08,0,0,0,0,0,0.08,0.02,0.01,0.00666666666666667,0.116666666666667,0.00835266666666667,125.8302,29.511,15591.9944193333,3.289,20,6.02666666666667,3.53333333333333,5.26666666666667,8.8,266.466666666667,264,2.46666666666667,1.25,55.14,50.61,40.92,7.71,244.48,152.49,1730.9,49.3,NA,0,10.72,5.46,11.64,81.06,0,1.88,37.47,2.73333333333333,47.2333333333333,8.76470588235294,39385.5882352941,59.5882352941176,39391.9411764706,65.9411764705882,9.375,35.8125,59.2352941176471,58.5882352941176,3.52941176470588,190.941176470588,250.176470588235,2.41176470588235,2.05882352941176,703.9944375,0.0814105882352941,0.014008,NA,0.0312709058823529,24036.622146875,3.80290185508936
36.4117647058824,847,861.235294117647,"V?","Chile","Vallenar","inland","inland roadside","roadside","a","high_water","water",NA,15.7,12.9,6.3,261.8,26.5,6.1,20.4,12.5,19,19.2,12.5,54,12,0,97,33,0,0,33,0.084375,0,0,0,0,0,0.084375,0.01875,0.0125,0.0125,0.128125,0.007965,116.220375,27.232,15641.868101875,3.22875,20,5.925,3.3125,5.4375,8.75,265.9375,263.5,2.4375,1.17,53.56,45.72,33.05,7.76,203.1,145.41,1738,36.03,NA,0,10.54,4.69,11.32,82.61,0,1.4,26.48,2.8125,47.1875,7.8125,39388.8666666667,62.8666666666667,39395.4375,69.4375,7.8,17.9466666666667,17.8823529411765,22,1.64705882352941,78.1176470588235,96,2.41176470588235,1.82352941176471,334.202214285714,0.099368,0.008393,NA,0.01413054,26095.9497357143,2.28816666666667
32.6666666666667,795.333333333333,844.888888888889,"V?","Chile","Vallenar","inland","inland roadside","roadside","a","low_nut","nutrients",NA,15.7,12.9,6.3,261.8,26.5,6.1,20.4,12.5,19,19.2,12.5,54,12,0,97,33,0,0,33,0.084375,0,0,0,0,0,0.084375,0.01875,0.009375,0.0125,0.125,0.00745625,110.9458125,27.256125,15767.39732125,3.238125,20,5.8125,2.9375,5.0625,8,261.125,258.9375,2.1875,1.23,54.74,46.9,35.89,7.75,218.93,148.48,1673.9,41.74,NA,0,10.31,5.15,11.78,81.44,0,1.66,31,2.8125,47,7.05555555555556,39389.4444444444,63.4444444444444,39396.1666666667,70.1666666666667,7.22222222222222,10.1166666666667,5.05555555555556,11.3333333333333,0.444444444444444,44.8333333333333,49.8888888888889,2.22222222222222,2.11111111111111,272.8196875,0.06465,0.006538,NA,0.0113765875,25822.553194375,1.40859347442681
23.75,689.35,822.9,"V?","Chile","Vallenar","inland","inland roadside","roadside","a","low_water","water",NA,15.7,12.9,6.3,261.8,26.5,6.1,20.4,12.5,19,19.2,12.5,54,12,0,97,33,0,0,33,0.0888888888888889,0,0,0,0,0,0.0888888888888889,0.0166666666666667,0.0111111111111111,0.0111111111111111,0.127777777777778,0.00816333333333333,120.280222222222,28.4553333333333,15589.0150788889,3.25055555555556,20,6.03333333333333,3.55555555555556,5.33333333333333,8.88888888888889,268.333333333333,265.777777777778,2.55555555555556,1.21666666666667,54.4666666666667,46.8,37.15,7.75,234.3,152.8,1759.16666666667,44.1833333333333,NA,0,10.8166666666667,5.26666666666667,11.6,81.4833333333333,0,1.68333333333333,33.4833333333333,2.77777777777778,47.5,7.11111111111111,39390.4444444444,64.4444444444444,39396.3333333333,70.3333333333333,6.375,5.79375,1.15,4.9,0.35,18.1,19.25,1.9,2,195.9395,0.00895555555555556,NA,NA,0.00895555555555556,21905.2062588889,0.877318046536797
